recipe_id,ingredient_id,ratio
1,10,1.00000
1,1,0.66666
1,2,0.01587
1,3,0.02381
1,4,0.01587
1,5,0.05079
2,11,1.00000
2,1,0.65000
2,12,0.02000
2,2,0.01500
3,10,1.00000
3,1,0.69400
3,5,0.21200
3,12,0.02000
3,2,0.01000
4,7,0.86000
4,8,0.07400
4,9,0.06600
4,1,0.75000
4,2,0.02000
4,4,0.01500
5,10,0.90000
5,8,0.10000
5,1,0.75000
5,6,0.20000
5,4,0.02000
6,10,1.00000
6,12,0.02500
6,2,0.01000
6,1,0.68750
6,5,0.02000
